id,title,price,condition,category_id,currency_id
MLA1448342367,Google Nest Mini Nest Mini 2nd Gen Con Asistente Virtual Google Assistant Charcoal 110v/220v,129990.0,new,MLA409415,ARS
MLA1135498793,Google Home Mini Con Asistente Virtual Google Assistant Charcoal 110v/220v,99990.0,new,MLA409415,ARS
MLA1616758962,Google Home Asistente Virtual Google Assistant Refabricado,119990.0,new,MLA409415,ARS
MLA1426601681,"Google Nest Hub 2nd Gen Con Asistente Virtual Google Assistant, Pantalla Integrada De 7  Charcoal 110v/220v",224437.0,new,MLA409415,ARS
MLA1398793543,Google Home Mini Con Asistente Virtual Google Assistant Ref,69990.0,new,MLA409415,ARS
MLA1616759000,Google Home Google Assistant Asistente Virtual Refabricado,154990.0,new,MLA409415,ARS
MLA1597574484,Parlante Google Home Mini Asistente Virtual Refabricado,69990.0,new,MLA409415,ARS
MLA1398767505,Google Home Mini Con Asistente Virtual Multi-room Ref,99990.0,new,MLA409415,ARS
MLA1384134643,Google Home Mini Versión Bulk/ Sin Caja/ Cargador Original!,85995.0,new,MLA409415,ARS
MLA1597677286,Speaker Google Home Mini Con Asistente Virtual  Refabricado,89990.0,new,MLA409415,ARS
MLA916372672,Google Home Hub Pantalla 7 Nest 2da Gen Asistente Virtual ,368000.0,new,MLA409415,ARS
MLA763380836,Google Home Mini Asistente Virtual Caja Sellada En Español,75990.0,new,MLA409415,ARS
MLA1398755255,Google Home Mini Google Assistant Chalk 110v/220v Ref,55990.0,new,MLA409415,ARS
MLA1398845395,Google Home Mini Con Asistente Virtual Chalk 110v/220v Ref,55990.0,new,MLA409415,ARS
MLA930506223,Soporte Montaje Embutido Pared Google Home Hub Mountgenie,19900.0,new,MLA409415,ARS
MLA1400539531,Google Home Mini Asistente Virtual Google Assistant Ref,64990.0,new,MLA409415,ARS
MLA1785182142,"Google Nest Hub Con Asistente Virtual Google Assistant, Pantalla Integrada De 7  Chalk 110v/220v",248944.0,new,MLA409415,ARS
MLA1597470910,Google Home Mini Con Google Assistant Negro Reacondicionado,69990.0,new,MLA409415,ARS
MLA1110314122,Soporte Pared 45º Google Home Hub Base 138x60mm Nextsale,10900.0,new,MLA409415,ARS
MLA1597677282,Parlante Google Home Mini Asistente Virtual Wifi Refabricado,89990.0,new,MLA409415,ARS
MLA1110377590,Soporte De Pared Google Mini Home / Nest Mini 2da Generacion,10900.0,new,MLA409415,ARS
MLA1448891827,Google Home Mini Asistente Virtual Google Assistant Outlet,49990.0,new,MLA409415,ARS
MLA1683844336,Google Home Max Con Asistente Virtual Google Assistant Chalk 100v/240v,814644.0,new,MLA409415,ARS
MLA1398832615,Google Home Mini Con Asistente Virtual Bluetooth Ref,89990.0,new,MLA409415,ARS
MLA1597677284,Parlante Google Home Mini Google Assistant Wifi Refabricado,79990.0,new,MLA409415,ARS
MLA1400506527,Google Home Mini Multi-room Google Assistant Refabricado,84990.0,new,MLA409415,ARS
MLA1452498123,Google Home Mini Asistente Virtual Coral 110/220 Refabricado,64990.0,new,MLA409415,ARS
MLA1597457958,Google Home Mini Con Asistente Virtual  Charcoal Refabricado,69990.0,new,MLA409415,ARS
MLA1452420859,Asistente Virtual Google Home Mini Coral Wi-fi Refabricado,84990.0,new,MLA409415,ARS
MLA833417329,Google Home Mini Asistente Virtual Parlante Original Español,229900.0,new,MLA409415,ARS
MLA1398845475,Google Home Mini Google Assistant Chalk  9 W Ref,71990.0,new,MLA409415,ARS
MLA912014012,Soporte De Pared Google Mini Home / Nest Mini 2da Generacion,4999.0,new,MLA409415,ARS
MLA1456652579,Google Nest Mini 2nd Gen Con Asistente Virtual,67000.0,new,MLA409415,ARS
MLA1928125454,Google Home Con Asistente Virtual White Y Slate 110v/220v,154990.0,used,MLA409415,ARS
MLA1443012353,Google Home Hub Asistente Pantalla  7  Pulgadas Impecable,170000.0,used,MLA409415,ARS
MLA1930441108,Google Home Max Asistente Virtual Google Assistant Charcoal,590000.0,used,MLA409415,ARS
MLA1432622907,Google Home Mini Google Assistant Coral 110v/220v Usado,38990.0,used,MLA409415,ARS
MLA1364551668,Parlante Inteligente Google Home Mini  Youtube Usado Gris,58990.0,used,MLA409415,ARS
MLA1456415339,Google Home Mini Chalk 110v/220v Usado,56000.0,used,MLA409415,ARS
MLA1361515563,Parlante Inteligente Google Home Mini Smart Speaker Spotify,58990.0,used,MLA409415,ARS
MLA1432597373,Usado Google Home Mini Google Assistant Coral 110v/220v,49990.0,used,MLA409415,ARS
MLA1361528507,Parlante Inteligente Google Home Mini Smart Speaker Gris Yt,62990.0,used,MLA409415,ARS
MLA1422239063,Google Home Mini Con Asistente Virtual ,54999.0,used,MLA409415,ARS
MLA1437520249,Google Home Mini Con Asistente Virtual Color Negro,159999.0,used,MLA409415,ARS
MLA1892733826,Google Home Mini Con Asistente Virtual Chalk 110v/220v,60000.0,used,MLA409415,ARS
MLA1416430677,Google Home Mini Original!! Google Assistant ,61000.0,used,MLA409415,ARS
MLA1820484428,Google Home Mini Con Asistente Virtual Charcoal 110v/220v,89999.0,used,MLA409415,ARS
MLA1436571213,Google Home Mini - Excelente!!,65000.0,used,MLA409415,ARS
MLA1930440916,Google Home Max Asistente Virtual Google Assistant Charcoal,720000.0,used,MLA409415,ARS
MLA1807784940,Google Home Mini Con Asistente Virtual,99000.0,used,MLA409415,ARS
MLA1450805011,Google Home Mini,120000.0,used,MLA409415,ARS
MLA1452528853,Google Home Mini Color Blanco/chalk,35000.0,used,MLA409415,ARS
MLA1569955706,Google Home Asistente Virtual Google Assistant White Y Slate,1100000.0,used,MLA409415,ARS
MLA1939932266,Google Home Mini Con Asistente Virtual Google Charcoal,94500.0,used,MLA409415,ARS
MLA1933589706,Google Home Mini Impecable,55000.0,used,MLA409415,ARS
MLA1448244479,Google Home Mini,45000.0,used,MLA409415,ARS
MLA1447363539,Google Home Mini - Asistente Virtual,65000.0,used,MLA409415,ARS
MLA1916055982,Google Home Mini - Google Assistant 110v/220v (1ra Gen),50000.0,used,MLA409415,ARS
MLA1412480803,Google Home Mini Negro,150000.0,used,MLA409415,ARS
MLA1447237225,Google Home Con Asistente Virtual Google Assistant Usado,165000.0,used,MLA409415,ARS
MLA1854015610,Google Home Mini Con Google Assistant,55000.0,used,MLA409415,ARS
MLA1618186704, Apple Tv 4k (wifi + Ethernet) A2843 De Voz 3.ª Generación 2022 4k 128gb Negro - Distribuidor Autorizado,468999.0,new,MLA352001,ARS
MLA1934024052, Apple Tv 4k (wifi + Ethernet) A2843 De Voz 3.ª Generación 2022 4k 128gb Negro,459000.0,new,MLA352001,ARS
MLA1366426083, Apple Tv 4k (wifi) A2737 De Voz 3.ª Generación 2022 4k 64gb Negro - Distribuidor Autorizado,405399.0,new,MLA352001,ARS
MLA1449403463, Apple Tv Hd A1625 De Voz 4.ª Generación 2015 Full Hd 32gb Negro Con 2gb De Memoria Ram,599990.0,new,MLA352001,ARS
MLA1594852796,Apple Tv 4k A2169 De Voz 2.ª Generación 2021 4k 64gb Negro,22222222.0,new,MLA352001,ARS
MLA1399215546, Apple Tv 4k (wifi) A2737 De Voz 3.ª Generación 2022 4k 64gb Negro,477099.0,new,MLA352001,ARS
MLA1936729268, Apple Tv 4k A2169 De Voz 2.ª Generación 2021 4k 32gb Negro,304680.0,new,MLA352001,ARS
MLA1719499042,Streaming Apple Tv Fhd 32gb 2nd Gen 2021 Black Mhy93ll/a ,329990.0,new,MLA352001,ARS
MLA1618134776,Apple Tv 4k (wifi + Ethernet) Con 128 Gb,550999.0,new,MLA352001,ARS
MLA1378227377, Apple Tv 4k A2169 Control Voz 2ª Generación 2021 32gb Negro,699997.0,new,MLA352001,ARS
MLA1426291701,Apple Tv 4k 64gb Modelo A2169. Soporte Y Funda De Regalo,567000.0,new,MLA352001,ARS
MLA1806378888, Apple Tv 4k A2169 64gb 2021 Ethernet Thread - Segunda Gen.,549999.99,new,MLA352001,ARS
MLA1377244881,Apple tv 4k Wifi + ethernet Con 128 gb De Almacenamiento,1537445.0,new,MLA352001,ARS
MLA1449909446,Apple tv 4k Wifi + ethernet Con 128 gb De Almacenamiento,991900.0,new,MLA352001,ARS
MLA1924987444,Apple Tv 4k 32gb,230000.0,used,MLA352001,ARS
MLA1457807717,Apple Tv 4k 32 Gb,25000.0,used,MLA352001,ARS
MLA1905654296,Apple Tv 3a Gen A1469 32gb 8gb Ram Full Hd Hdmi,54000.0,used,MLA352001,ARS
MLA1457565557,Apple Tv A1469. Converti Tu Tv Antigua En Smart,50000.0,used,MLA352001,ARS
MLA1400247011, Apple Tv A1469 Estándar 3era Generación,62000.0,used,MLA352001,ARS
MLA1904940598,Apple Tv 4k 64 Gb Negro Con Memoria Ram De 3 Gb A1842,300000.0,used,MLA352001,ARS
MLA1925001440,Apple Tv 3a Gen A1427 8gb Negro 512mb Ram Hdmi,53999.99,used,MLA352001,ARS
MLA1877356464,Apple Tv 2 3.ª Gen. Full Hd 1gb Ram 8gb.,45000.0,used,MLA352001,ARS
MLA1942285402,Apple Tv Hd A1625 De Voz 4a Generación Full Hd 32gb 2gb Ram,90000.0,used,MLA352001,ARS
MLA1911254292,Apple Tv 4k (wifi + Ethernet) A2843 4k 128gb Negro,475000.0,used,MLA352001,ARS
MLA1781884668, Apple Tv A1427 2.ª Generación ,37081.98,used,MLA352001,ARS
MLA1938835060,Apple Tv A1469. Full Hd 8gb/ 512mb Ram Sin Control Remoto,65000.0,used,MLA352001,ARS
MLA1399520644,Apple Tv 4k 32gb A1842 Negro (usado),400000.0,used,MLA352001,ARS
MLA1933079400,Apple Tv A1625,170000.0,used,MLA352001,ARS
MLA1447987851,Apple Tv A1427 Estándar 3.a Generación Fhd,70000.0,used,MLA352001,ARS
MLA1933604596,Apple Tv Hd A1625 4.a Gen 2015 Full Hd 32gb,129999.0,used,MLA352001,ARS
MLA1436930383,Apple Tv A1427 Estándar 3.ªgeneracion,80500.0,used,MLA352001,ARS
MLA1946353708,Apple Tv A1469 Tercera Generación Usado,48000.0,used,MLA352001,ARS
MLA1433276905,Apple Tv A1469 Estándar 3.ª Generación Excelente Estado,64000.0,used,MLA352001,ARS
MLA1913427140,Apple Tv A1427  3.a Generación Full Hd 8gb Negro,60000.0,used,MLA352001,ARS
MLA1931246390,Apple Tv 4k (wi-fi + Ethernet) 4k 128gb Entrego En Córdoba,350000.0,used,MLA352001,ARS
MLA1454231967,Apple Tv A1625 Muy Buen Estado,249000.0,used,MLA352001,ARS
MLA1443682603,Apple Tv 2ª Generaciónhd 8gb Negro Con 256mb De Memoria Ram,60000.0,used,MLA352001,ARS
MLA1799086010,Apple Tv A1469 Estándar 3.ª Generación Rev. A Full Hd 8gb,150000.0,used,MLA352001,ARS
MLA1837941502,Apple Tv Hd A1625 4ta Generación Full Hd 32gb Remoto Siri,195000.0,used,MLA352001,ARS
MLA1414122791, Apple Tv A1427 Negro - 1080p Full Hd,180000.0,used,MLA352001,ARS
MLA1925114644,Apple Tv Hd A1625 4ta Gen 32gb,170000.0,used,MLA352001,ARS
MLA1794555584,Apple Tv A1427 3.ª Generación Full Hd,80000.0,used,MLA352001,ARS
MLA1445793563,Apple Tv Hd A1625 De Voz 4.ª Generación 2015 Full Hd 64 Gb,200000.0,used,MLA352001,ARS
MLA1913452572,Apple Tv 3a Gen  Full Hd 8gb 512mb Ram A1427,45000.0,used,MLA352001,ARS
MLA1408440613, Apple Tv A1427  Full Hd 8gb  Permuto iPhone,70000.0,used,MLA352001,ARS
MLA1133058175,Apple Tv Modelo A1469,65000.0,used,MLA352001,ARS
MLA1443250893,Apple Tv 3.ª Generación Full Hd 8gb Con 512mb De Memoria Ra,80000.0,used,MLA352001,ARS
MLA1844813002,Apple Tv A1469 Estándar 3.ª Generación Rev. A Full Hd 8gb.,95000.0,used,MLA352001,ARS
MLA1903134622,Apple Tv A1427 3.ª Generación Full Hd 8gb,73999.0,used,MLA352001,ARS
MLA1111206110,Apple Tv Modelo A1469 3er Generación,140000.0,used,MLA352001,ARS
MLA1436028141, Apple Tv A1427  8gb Negro  512mb Ram ,46000.0,used,MLA352001,ARS
MLA1822817324,Apple Tv A1427  3.ª Generación Full Hd 8gb Negro,49000.0,used,MLA352001,ARS
MLA1111243533,Apple Tv 3ra Generación Modelo A1469,100000.0,used,MLA352001,ARS
MLA1189756455, Apple Tv 3rd Generation,100000.0,used,MLA352001,ARS
MLA1451784141,Apple Tv A1427 1a Gen. Negro / Full Hd Impecable!!,45000.0,used,MLA352001,ARS
MLA935560782,Apple Tv 3ra Generación - A1469,85000.0,used,MLA352001,ARS
MLA1448835555,Apple Tv A1469 Estándar 3,95000.0,used,MLA352001,ARS
MLA1670324528,"Usado Apple Tv 3 A1469 Full Hd Negro Completo, Sin Detalles.",99000.0,used,MLA352001,ARS
MLA1867521508,Apple Tv A1469 3ra Generación,58000.0,used,MLA352001,ARS
MLA1428080643,Apple Tv 3ra Generación,120000.0,used,MLA352001,ARS
MLA1426077727, Apple Tv A1469 Estándar 3.ª Generación Full Hd 8gb Negro ,50000.0,used,MLA352001,ARS
MLA1677887932,Apple Tv 3era Generación. Full Hd. Con Control Remoto Y Hdmi,55000.0,used,MLA352001,ARS
MLA1455795215, Apple Tv A1427 Full Hd 8gb Negro Con 512mb Ram,39000.0,used,MLA352001,ARS
MLA1946508156,Apple Tv Estándar 3.ª A1469,40000.0,used,MLA352001,ARS
MLA1446598647,Apple Tv A1469 Estándar 3.ª Generación A Full Hd 8gb Negro,50000.0,used,MLA352001,ARS
MLA1938425710,Apple Tv 3,38000.0,used,MLA352001,ARS
MLA1456872275,Apple Tv Estándar 1.ª Generación 2007,35000.0,used,MLA352001,ARS
MLA1899194696,Apple Tv 2a Generación Full Hd,60000.0,used,MLA352001,ARS
MLA1447521627,Apple Tv Hd A1625 De Voz Full Hd 32gb Negro,150000.0,used,MLA352001,ARS
MLA1900086302,"Apple Tv A1469 3.ª Gen. Full Hd 8gb, 512mb Ram",45900.0,used,MLA352001,ARS
MLA1913825834,Apple Tv A1378 - Con Control Remoto Y Cables (220v Y Hdmi),30000.0,used,MLA352001,ARS
MLA1934617232,Apple Tv Hd 4ta Gen Usado,115000.0,used,MLA352001,ARS
MLA1916581512,Apple Tv 3gen Full Hd 8gb Negro Con 512mb De Memoria Ram,28000.0,used,MLA352001,ARS
MLA1452952571, Apple Tv 1.ª Gen Full Hd 160gb Impecable!!!,49999.0,used,MLA352001,ARS
MLA1928185834, Apple Tv A1469  Control Remoto Estándar ,50000.0,used,MLA352001,ARS
MLA1922572798,Apple Tv Hd A1625 4a Generación Full Hd 32gb,220000.0,used,MLA352001,ARS
MLA1453212713,Apple Tv 3ra Generación A1469,65000.0,used,MLA352001,ARS
MLA1456277103,Apple Tv A1469 3o Generación Full Hd Negro + Control,30000.0,used,MLA352001,ARS
MLA1454761719,Apple Tv A1469 3.ª Generación Negro Con Control Remoto,60000.0,used,MLA352001,ARS
MLA1929076010,Apple Tv A1427 Estándar 3.a Generación,34990.0,used,MLA352001,ARS
MLA1944219284,"Apple Tv 4k 128g, Sin Uso",400000.0,used,MLA352001,ARS
MLA1920529838, Apple Tv Hd A1625 ,160000.0,used,MLA352001,ARS
MLA1448806077,"Apple Tv A1469 3.a Gen. Full Hd 8gb, 1gb Ram,estado Impoluto",49900.0,used,MLA352001,ARS
MLA1913923014,Apple Tv A1427 Estándar 3.ª,80000.0,used,MLA352001,ARS
MLA1391230655, Apple Tv A1469 3.ª Generación Full Hd Como Nuevo Poco Uso,98000.0,used,MLA352001,ARS
MLA1872960642,Apple Tv A1469 Estándar 3.ª Generación,80000.0,used,MLA352001,ARS
MLA1929064936,Apple Tv A1427 Estándar,40000.0,used,MLA352001,ARS
MLA1944238836,Apple Tv (3era Generación) Modelo A1427,70000.0,used,MLA352001,ARS
MLA1317267791,Apple Tv 3era Generación. Full Hd. Con Control Remoto,65000.0,used,MLA352001,ARS
MLA1451719249,Apple Tv De Tercera Generación Full Hd Con Control,15000.0,used,MLA352001,ARS
MLA1813667360,Appletv 3 A1469  Fullhd Completo Con Hdm Y Control. Funciona,65000.0,used,MLA352001,ARS
MLA1897081278,Apple Tv  4.ª Generación Full Hd 32gb Negro,250000.0,used,MLA352001,ARS
MLA1917664572,Remoto Apple Tv Generacion 4 A1513,75000.0,used,MLA352001,ARS
MLA1443460083,Apple Tv A1469 Estándar 3.ª Generación,45000.0,used,MLA352001,ARS
MLA1434538437,Apple Tv A1427 Estandar 3.ª Generación Full Hd Negro,60000.0,used,MLA352001,ARS
MLA1457976495,"Apple Tv 4ta Gen, 32gb, Como Nuevo",100000.0,used,MLA352001,ARS
MLA1419331631, Apple Tv 1ª Gen Full Hd -olo Aparato - Enciende - No Envío,25775.2,used,MLA352001,ARS
MLA1438665381,Apple Tv A1427 3.ª Generación Full Hd 8gb Negro 512mb,250000.0,used,MLA352001,ARS
MLA1448716455,"Apple Tv Hd 4ta Generación Full Hd 32gb Remoto Siri,inmac.",158000.0,used,MLA352001,ARS
MLA879375937,Apple Tv 3 Generación + Control Remoto Hdmi De Regalo,55000.0,used,MLA352001,ARS
MLA924796800,Apple Tv Modelo A1469 3ra Gen - No Enciende - No Envío - C12,18494.92,used,MLA352001,ARS
MLA1434473587,Apple Tv A1427 Estandar 3.ª Generación Full Hd Negro,72500.0,used,MLA352001,ARS
MLA1434551091,Apple Tv A1427 Estandar 3.ª Generación Full Hd Negro,85000.0,used,MLA352001,ARS
MLA1451465451,Apple Tv A1469,50000.0,used,MLA352001,ARS
MLA1454896289,Apple Tv A1469 - 3ra Gen - Impecable Con Accesorios.,70000.0,used,MLA352001,ARS
MLA1447771371,Amazon Lite Fire Tv Stick B091g4yp57 De Voz Full Hd 8gb Negro Con 1gb De Memoria Ram,84399.0,new,MLA352001,ARS
MLA1850845602,Amazon Fire Tv Stick 4k 2023 Wifi 6 2gb De Ram Con Alexa Color Negro,109990.0,new,MLA352001,ARS
MLA1813226356,Amazon Fire Tv Stick 4k De Voz 2ª Generación 4k 8gb Negro Con 1.5gb De Memoria Ram,86900.0,new,MLA352001,ARS
MLA1341381358,Amazon Fire Tv Stick De Voz 3gen Full Hd 8gb Negro Con 1gb De Ram,86799.0,new,MLA352001,ARS
MLA1925824046,Amazon Fire Tv Stick Lite Control Por Voz Alexa Fhd 1080p Color Negro Tipo De Control Remoto De Voz,90948.0,new,MLA352001,ARS
MLA1909575060,Amazon Fire Tv Stick 4k Max 16 Gb Wifi 6 Ultra Rápido Color Negro,158000.0,new,MLA352001,ARS
MLA1364216697,Amazon Fire Tv Stick Lite Full Hd 8gb 1gb Ram Streaming,67499.0,new,MLA352001,ARS
MLA1626492828,Amazon Fire Tv Stick 4k De Voz 2ª Generación 4k 8gb Negro1 Con 1.5gb De Memoria Ram,86500.0,new,MLA352001,ARS
MLA1862240494,"Amazon Fire Tv Stick 4k Streaming, Con Alexa Voice Remote Color Negro",82295.0,new,MLA352001,ARS
MLA1943089676,Amazon Fire Tv Stick 4k Ultra Hd Max 16gb 2nda Generación Wi-fi 6e Color Negro Tipo De Control Remoto Estándar,158600.0,new,MLA352001,ARS
MLA1451611825,Amazon Fire Tv Stick 3ra Generación 1080p Control Voz  2021,114711.0,new,MLA352001,ARS
MLA1455405423,"Fire Tv Cube Completamente , Dispositivo De Transmisio",399000.0,new,MLA352001,ARS
MLA1940780266,Amazon Fire Tv Stick 3ra Hd Alexa Voice Remote Original,79999.0,new,MLA352001,ARS
MLA1901602976,Amazon Tv Stick Fire Tv Stick 4k Max K2r2te De Voz 1.ª Generación 4k 8gb Negro Con 2gb De Memoria Ram,107920.0,new,MLA352001,ARS
MLA1937931438,Amazon Fire Tv Stick Lite Full Hd 8gb Control + Voz Negro,67699.0,new,MLA352001,ARS
MLA1376700509,Amazon Fire Tv Stick 4k 8gb  1.5gb Ram Streaming Control Voz,86999.0,new,MLA352001,ARS
MLA1916062622,Amazon Tv Stick Lite 3ra Gen Streaming Full Hd,93370.0,new,MLA352001,ARS
MLA1890341728,Amazon Lite Fire Tv Stick,107300.0,new,MLA352001,ARS
MLA1144084762,Amazon Fire Tv Stick 4k 8gb Negro Con 1.5gb De Memoria Ram,109999.0,new,MLA352001,ARS
MLA1456925617,Amazon Fire Tv Stick 4k Ultra Hd Max 16gb 2da Generación Wif,115000.0,new,MLA352001,ARS
MLA1374336916,Amazon Fire Tv Stick 4k 1.5gb Ram Streaming Control Por Voz,86999.0,new,MLA352001,ARS
MLA1117800874,Amazon Fire Tv Stick Lite Alexa Voice Conversor Smart Tv Hdm,77736.0,new,MLA352001,ARS
MLA1372865557,Amazon Fire Tv Stick Lite 2022 Full Hd 8gb Streaming ,84399.0,new,MLA352001,ARS
MLA1856299012,Amazon Fire Tv Stick 4k Comando De Voz Streaming,96000.0,new,MLA352001,ARS
MLA1920570096,Amazon Fire Tv Stick De Voz 3gen Full Hd 8gb Negro Con Pilas,101200.0,new,MLA352001,ARS
MLA1869562272,Amazon Fire Tv Stick 4k Ultra Hd Hdr Wifi 6 Version 2023,94600.0,new,MLA352001,ARS
MLA1920505416,Amazon Lite Fire Tv Stick  De Voz Full Hd 8gb,82000.0,new,MLA352001,ARS
MLA1787834792,Amazon Fire Tv Stick Lite- De Voz 2.ª Generación Full Hd ,76990.0,new,MLA352001,ARS
MLA1447682463,Amazon Fire Tv Stick 4k Control Por Voz 3ra Generación Alexa,86999.0,new,MLA352001,ARS
MLA1403888993,Amazon Fire Tv Stick 4k 8gb / 1.5gb Control Remoto Outlet,82900.0,new,MLA352001,ARS
MLA1114934662,Convertidor Smart Tv Amazon Lite Fire Full Hd Control De Voz,95000.0,new,MLA352001,ARS
MLA1440621335,Amazon Fire Tv Stick 4k Ultra Hd Hdr Wifi 6 Version 2023,117999.0,new,MLA352001,ARS
MLA1391355057,Amazon Fire Tv Stick 4k 2da Gen Control De Voz,95999.0,new,MLA352001,ARS
MLA1373073449,Amazon Fire Tv Stick Lite 2022 Full Hd 8gb Streaming ,84399.0,new,MLA352001,ARS
MLA1369051919,Amazon Fire Tv Stick 4k De Voz 3° Gen 8gb Cargador Original!,129998.0,new,MLA352001,ARS
MLA1751007286,Amazon Fire Tv Stick 4k Streaming 2° Gen Con Alexa ,103900.0,new,MLA352001,ARS
MLA1403353954,Amazon Fire Tv Stick 4k 8gb Negro Con 1.5gb De Memoria Ram,109999.0,new,MLA352001,ARS
MLA1440239591,Fire Tv Stick Convertidor Amazon Smart Netflix Streaming Hd,128269.0,new,MLA352001,ARS
MLA1937833012,Amazon Fire Tv Stick 4k Max 16gb 2da Gen Control Wifi 6e,112999.0,new,MLA352001,ARS
MLA1413017321,Amazon Fire Tv Stick 4k De Voz 3.ª Generación 4k 8gb Ade,114999.0,new,MLA352001,ARS
MLA1449794463,Amazon Fire Tv Stick Lite Control Por Voz Alexa Fhd 1080p,79999.0,new,MLA352001,ARS
MLA1716970254,Amazon Fire Tv Stick 4k Max 2° Gen - 16 Gb - Wi-fi 6e Alexa,157000.0,new,MLA352001,ARS
MLA1275869904,Amazon Fire Tv Stick Lite De Voz Full Hd 8gb + Fuente 220v!,72490.0,new,MLA352001,ARS
MLA1138176179,Amazon Fire Tv Stick Lite De Voz Full Hd 8gb Con Fuente,77500.0,new,MLA352001,ARS
MLA1916498408,Amazon Tv Stick Lite 3ra Gen Streaming Full Hd,93370.0,new,MLA352001,ARS
MLA1436049559,Amazon Fire Tv Stick Lite Control Por Voz Alexa Fhd,102894.0,new,MLA352001,ARS
MLA1143409979,Amazon Fire Tv Stick Lite Full Hd Control Voz Smart Tv Hdmi,74999.0,new,MLA352001,ARS
MLA1868644730,Amazon Fire Tv Stick 4k De Voz 3ª Generación 4k 8gb Negro Co,159000.0,new,MLA352001,ARS
MLA1143429135,Amazon Fire Tv Stick Lite Full Hd Control Por Voz Smart + ,102899.0,new,MLA352001,ARS
MLA1441306967,Amazon Convertidor Fire Tv Stick Lite Alexa Voice Smart Tv,129899.0,new,MLA352001,ARS
MLA1453203257,Fire Tv Stick Lite Con Botones Amazon Streaming,99999.0,new,MLA352001,ARS
MLA1373149393,Amazon Fire Tv Stick Lite 2022 Full Hd 8gb Streaming ,84399.0,new,MLA352001,ARS
MLA1441654143,Amazon Fire Tv Stick 4k 2023 Wifi 6 2gb De Ram Con Alexa,94600.0,new,MLA352001,ARS
MLA1450338037,Amazon Fire Tv Stick Basic Bluetooth 5.0 8gb Control Por Voz Color Negro,96570.0,new,MLA352001,ARS
MLA1359581075,Amazon Fire Tv Stick Lite Hd 8gb Hdr Dolby 1080p Control Voz,72490.0,new,MLA352001,ARS
MLA1412833394,Amazon Fire Tv Stick 4k Last Version Cargador Orig. + Cuot.s,190397.76,new,MLA352001,ARS
MLA1800170008,Amazon Fire Tv Stick 4k Max 3ª Gen Dolby Vision ,108800.0,new,MLA352001,ARS
MLA1917670470,Fire Tv Stick Amazon 2da Generación Voz Alexa-negro Color Negro,70000.0,new,MLA352001,ARS
MLA1438372841,"Firetv Stick 3 Lite Full Hd Con Control Remoto De Alexa Lite, Color Negro, Tipo Control Remoto Por Voz",77542.0,new,MLA352001,ARS
MLA1429044047,Amazon Fire Tv Stick 4k Max De Voz 1.ª Gener Wi-fi 6,109000.0,new,MLA352001,ARS
MLA1920492052,Amazon Fire Tv Stick De Voz 3gen Full Hd 8gb Negro Con Pilas,105500.0,new,MLA352001,ARS
MLA1166920743,Amazon Fire Tv Stick De Voz 3.ª Gen Full Hd 8gb Negro 1gb ,93990.0,new,MLA352001,ARS
MLA1788560204,Amazon Fire Tv Stick Lite Hd 8gb Hdr Dolby 1080p Control Voz,77763.97,new,MLA352001,ARS
MLA1275677195,Amazon Fire Tv Stick Lite De Voz Full Hd 8gb + Fuente 220v!,87990.0,new,MLA352001,ARS
MLA1448063231,Amazon Fire Tv Stick De Voz 3gen Full Hd 8gb Negro,94648.0,new,MLA352001,ARS
MLA1117755386,Amazon Fire Tv Stick Lite Alexa Voice Conversor Smart Ppct,101056.0,new,MLA352001,ARS
MLA1449931871,Amazon Tv Stick Lite 2da Gen Streaming Full Hd Premium,99760.0,new,MLA352001,ARS
MLA1144078429,Amazon Fire Tv Stick 4k 8gb Negro Con 1.5gb De Memoria Ram,86999.0,new,MLA352001,ARS
MLA1875994450,Amazon Fire Tv Stick 16gb 4k Ultra Hd Max 3ra Generación,214720.0,new,MLA352001,ARS
MLA1448851429,Amazon Lite Fire Tv Stick B091g4yp57 De Voz Full Hd 8gb Negr,84999.0,new,MLA352001,ARS
MLA1901997240,Amazon Fire Tv Stick De Voz 3gen Full Hd 8gb Negro,105718.0,new,MLA352001,ARS
MLA1937768208,Amazon Fire Tv Stick Lite 2da Gen Con Alexa Control De Voz,124000.0,new,MLA352001,ARS
MLA1391504537,Amazon Fire Tv Stick Lite 2da Gen Streaming Full Hd 8gb,85999.0,new,MLA352001,ARS
MLA1916511586,Amazon Tv Stick Lite 3ra Gen Streaming Full Hd Premium,112040.0,new,MLA352001,ARS
MLA1933602550,Amazon Fire Tv Stick 3ra Hd Alexa Voice Remote Original,86999.0,new,MLA352001,ARS
MLA1936830218,Amazon Fire Tv Stick 10k,94990.0,new,MLA352001,ARS
MLA1890305194,Amazon Fire Tv Stick Lite- De Voz 2.ª Generación Full Hd Neg,88591.0,new,MLA352001,ARS
MLA1906907810,Amazon Fire Tv Stick Lite 1080p Alexa,65000.0,used,MLA352001,ARS
MLA1449919051,Amazon Tv Stick Lite 2da Gen Streaming Full Hd Premium,99760.0,new,MLA352001,ARS
MLA759387281,Amazon Fire Tv Stick 4k Control Voz Alexa Nuevos Box Uhd,117965.56,new,MLA352001,ARS
MLA1451204361,"Amazon Fire Tv Stick 4k Streaming, Con Alexa Voice Remote Co",124999.0,new,MLA352001,ARS
MLA1913040380,Amazon Lite Fire Tv Stick B091g4yp57 De Voz Full Hd 8gb Negr,99999.0,new,MLA352001,ARS
MLA1449944953,Amazon Tv Stick Lite 2da Gen Streaming Full Hd Premium,99760.0,new,MLA352001,ARS
MLA1940515494,Amazon Fire Tv Stick Lite 2a Generación Full Hd 1gb Ram,74999.0,new,MLA352001,ARS
MLA1444420275,"Amazon Fire Tv Stick 4k Streaming, Con Alexa Voice Remote Co",104999.0,new,MLA352001,ARS
MLA1457634563,Amazon Lite Fire Tv Stick De Voz Full Hd 8gb Color Negro,72999.0,new,MLA352001,ARS
MLA1449766059,Amazon Fire Tv Stick Lite Control Por Voz Alexa Fhd 1080p,99999.0,new,MLA352001,ARS
MLA1143410892,Amazon Fire Tv Stick Lite Control Voz Bt Hdmi Full Hd 8gb +,102899.0,new,MLA352001,ARS
MLA1451305263,"Amazon Fire Tv Stick 4k Streaming, Con Alexa Voice Remote Co",107799.0,new,MLA352001,ARS
MLA1452410449,Amazon Lite Fire Tv Stick B091g4yp57 De Voz Full Hd 8gb Negr,84500.0,new,MLA352001,ARS
MLA1451757853,Amazon Tv Stick Lite 3ra Gen Streaming Full Hd Premium,112040.0,new,MLA352001,ARS
MLA1142197777,Amazon Fire Tv Stick Lite De Voz Full Hd 8gb Negro Con 1gb,89086.0,new,MLA352001,ARS
MLA1439824889,Amazon Lite Fire Tv Stick Full Hd 8gb + 1gb De Memoria Ram,119925.0,new,MLA352001,ARS
MLA1916498696,Amazon Tv Stick Lite 3ra Gen Streaming Full Hd,93370.0,new,MLA352001,ARS
MLA1916575524,Amazon Tv Stick Lite 3ra Gen Streaming Full Hd Premium,112040.0,new,MLA352001,ARS
MLA1937940182,Amazon Fire Tv Stick Lite 2a Gen Full Hd 1gb Ram Color Negro,69497.0,new,MLA352001,ARS
MLA1718061952,Amazon Fire Tv Stick Lite 2ª Generación Full Hd 1gb Ram Color Negro,75610.0,new,MLA352001,ARS
MLA1935301882,Amazon Fire Tv Stick Hd Black 3ra Generacion,79107.0,new,MLA352001,ARS
MLA1417499719,Amazon Fire Tv Stick 3ra Hd Alexa Voice Remote Original,109900.0,new,MLA352001,ARS
MLA1439837937,Fire Tv Stick Lite Amazon Streaming Full Hd 2da Generacion,119239.0,new,MLA352001,ARS
MLA1286072659,Amazon Fire Tv Stick Lite Con Cargador Cuot.s S/ Inter.s!,115555.0,new,MLA352001,ARS
MLA1943103482,Amazon Fire Tv Stick 4k Ultra Hd Max 16gb 2nda Generación Wi,122200.0,new,MLA352001,ARS
MLA1404718091,Amazon Fire Tv Stick Lite Full Hd 3ra Generacion ,174195.0,new,MLA352001,ARS
MLA1214656893,Amazon Fire Tv Stick 4k De Voz 4k 8gb Negro Con 1.5gb Ram,109999.0,new,MLA352001,ARS
MLA1442434039,Amazon Fire Tv Stick 4k De Voz 2ª Generación 8gb.5gb Ram,132099.0,new,MLA352001,ARS
MLA1440301179,Amazon Fire Tv Stick Lite-,85000.0,new,MLA352001,ARS
MLA1143423103,Tv Stick Amazon Fire Lite Full Hd Control Voz Bt Hdmi Gtia,74999.0,new,MLA352001,ARS
MLA1214650470,Amazon Fire Tv Stick 4k De Voz 4k 8gb Negro Con 1.5gb Ram,145999.0,new,MLA352001,ARS
MLA1403370075,Dispositivo Streaming Amazon Stick 4k,126653.21,new,MLA352001,ARS
MLA1875995546,Amazon Fire Tv Stick 16gb 4k Ultra Hd Max 3ra Generación,292800.0,new,MLA352001,ARS
MLA1458435638,Amazon Fire Tv Stick Alexa Voice Remote 3ra Gen Netflix Fhd,88239.0,new,MLA352001,ARS
MLA1413082105,Amazon Fire Tv Stick 4k De Voz 3.ª Generación 4k 8gb Ade,139999.0,new,MLA352001,ARS
MLA1919003788,Amazon Fire Tv Stick Lite 1080p Alexa Control Remoto Tz ,114656.46,new,MLA352001,ARS
MLA1454877931,Amazon Fire Tv Stick 4k 2023 Wifi 6 2gb De Ram Con Alexa Col,109999.0,new,MLA352001,ARS
MLA1134829983,Reproductor Amazon Fire Tv Stick 4k Hdr Control Remoto Alexa,177039.0,new,MLA352001,ARS
MLA1429948205,Amazon Fire Tv Stick 4k Max 16gb - 2gb Ram Con Alexa,195000.0,new,MLA352001,ARS
MLA1913813546,"Amazon Fire Tv Stick Lite  8 Gb Full Hd, 1 Gb De Memoria Ram",95000.0,new,MLA352001,ARS
MLA1440556697,Amazon Lite Fire Tv Stick De Voz 2.ª Generación Full Hd 8gb,75999.0,new,MLA352001,ARS
MLA1341348681,Amazon Fire Tv Stick Hd 8gb Hdr Dolby 1080p Control Voz Imp,72199.0,new,MLA352001,ARS
MLA1437940615,"Amazon Fire Tv Stick 4k Streaming, Con Alexa Voice Remote",108500.0,new,MLA352001,ARS
MLA1440608919,Amazon Lite Fire Tv Stick De Voz 2.ª Generación Full Hd 8gb,94999.0,new,MLA352001,ARS
MLA1439607369,Amazon Fire Tv Stick 4k De Voz 3ª Generación 4k 8gb Negro,108000.0,new,MLA352001,ARS
MLA1174670102,Amazon Fire Tv Stick 4k De Voz 4k 8gb 1.5gb De Memoria Ram,139990.0,new,MLA352001,ARS
MLA1122850533,Amazon Fire Tv Stick 4k Control Voz Alexa Netflix Disney ,99999.0,new,MLA352001,ARS
MLA1457369511,Amazon Lite Fire Tv Stick De Voz Full Hd 8gb Negro Con 1gb,60929.1,new,MLA352001,ARS
MLA1149652512,Amazon Fire Tv Stick 4k Con Alexa Netflix Youtube Disney,118000.0,new,MLA352001,ARS
MLA1403331045,4k Dispositivo Para Streaming De Video/audio Amazon Stick 4k,185921.45,new,MLA352001,ARS
MLA1138064125,Amazon Fire Tv Stick De Voz 4k 8gb Latest Model Cargador 220,123196.64,new,MLA352001,ARS
MLA1114918626,Convertidor Smart Tv Amazon Lite Fire Fullhd Control Por Voz,224781.31,new,MLA352001,ARS
MLA1454479419,Amazon Fire Tv Stick 4k Ultra Hd Max 16gb 2nda Generación,180299.0,new,MLA352001,ARS
MLA1440266209,Fire Tv Stick Convertidor Amazon Smart Netflix Streaming Hd,129928.0,new,MLA352001,ARS
MLA1451731391,Amazon Fire Tv Stick 4k Ultra Hd Hdr Wifi 6 Version 2023,113288.67,new,MLA352001,ARS
MLA1441294233,Stick Fire Tv Convertidor Amazon Smart Netflix Streaming Hd,119745.0,new,MLA352001,ARS
MLA1394486515,Amazon Fire Tv Stick Lite De Voz 2.ª Generación Full Hd 8gb,197700.0,new,MLA352001,ARS
MLA1451861395,Fire Tv Stick Lite Con Botones Amazon Y Alexa,75000.0,new,MLA352001,ARS
MLA1788560300,Amazon Fire Tv Stick Lite Hdr Dolby 1080p Control Voz 8gb,93213.97,new,MLA352001,ARS
MLA1441280211,Fire Tv Stick Convertidor Amazon Smart Netflix Streaming Hd,119265.0,new,MLA352001,ARS
MLA1944678926,Amazon Fire Tv Stick 4k 2023 Wifi 6 2gb De Ram Con Alexa Col,75000.0,new,MLA352001,ARS
MLA1445191887,Amazon Fire Tv Stick De Voz 3gen Full Hd 8gb Negro Con 1gb D,95727.0,new,MLA352001,ARS
MLA1894776226,Amazon Fire Tv Stick De Voz 3gen Full Hd 8gb Con 1gb De Ram,85990.0,new,MLA352001,ARS
MLA1453083943,Amazon Fire Tv Stick Lite 3ra Gen Con Alexa Control De Voz,94799.0,new,MLA352001,ARS
MLA1916259828,Amazon Fire Tv Stick 4k Ultra Hd Hdr Wifi 6 Version 2023,140078.97,new,MLA352001,ARS
MLA1446309787,Amazon Fire Tv Stick 4k B08xvyz1y5,222999.0,new,MLA352001,ARS
MLA1473218924,Amazon Fire Tv Stick Control Voz 3.ª Generación Full Hd 8gb ,114499.2,new,MLA352001,ARS
MLA1942279552,Amazon Lite Fire Tv Stick Full Hd 8gb Negro Con 1gb Ram,84399.0,new,MLA352001,ARS
MLA1454402185,Amazon Fire Tv Stick 4k Ultra Hd Max 16gb 2nda Generación,185399.0,new,MLA352001,ARS
MLA1456507343,Amazon Fire Tv Stick Lite,97000.0,new,MLA352001,ARS
MLA1890470052,Amazon Fire Tv Stick Lite- De Voz 2.ª Generación Full Hd Neg,79315.0,new,MLA352001,ARS
MLA1894879970,Amazon Fire Tv Stick 4k B08xvyz1y5,170999.0,new,MLA352001,ARS
MLA1936732176,Firetv Stick 4k! Ultimos,120000.0,new,MLA352001,ARS
MLA1441602455,Amazon Fire Tv Stick 4k 2023 Wifi 6 2gb De Ram Con Alexa,117999.0,new,MLA352001,ARS
MLA1876047202,Amazon Fire Tv Stick 16gb 4k Ultra Hd Max 3ra Generación,235000.0,new,MLA352001,ARS
MLA1876008746,Amazon Fire Tv Stick 16gb 4k Ultra Hd Max 3ra Generación,225000.0,new,MLA352001,ARS
MLA1414835553,Amazon Fire Tv Stick 4k 3.ª Generación 4k 8gb Negro C,127131.04,new,MLA352001,ARS
MLA1876098748,Amazon Fire Tv Stick 16gb 4k Ultra Hd Max 3ra Generación,253760.0,new,MLA352001,ARS
MLA1450586715,Amazon Fire Tv Stick 10k,94990.0,new,MLA352001,ARS
MLA874503353,Amazon Fire Tv Stick 4k De Voz 4k 8gb Negro Con Memoria Ram,102409.0,new,MLA352001,ARS
MLA1839169318,Amazon Fire Tv Stick Smart Tv Color Negro,112475.0,new,MLA352001,ARS
MLA1548431302,Amazon Fire Tv Stick Control Voz 2.ª Gen Full Hd 8gb Negro,84999.0,new,MLA352001,ARS
MLA1442744693,Amazon Fire Tv Stick 4k De Voz 3ª Generación 4k 8gb Negro Co,140000.0,new,MLA352001,ARS
MLA1473649132,"Amazon Fire Tv Stick 4k Streaming, Con Alexa Voice Remote ",195654.0,new,MLA352001,ARS
MLA1446432849,Amazon Fire Tv Stick 4k Ultra Hd Max 16gb Wifi 6e Negro Remo,259000.0,new,MLA352001,ARS
MLA1446722649,Firetv Stick Lite,107000.0,new,MLA352001,ARS
MLA1930417022,Streaming Fire Tv Stick lite - Amazon - 1080p Fhd / Rom 8gb,60000.0,used,MLA352001,ARS
MLA1456177985,Firestick 4k Max,100000.0,used,MLA352001,ARS
MLA1940892644,Fire Tv Stick 2017 - Joystick Amazon Control Gamer Excelente,80000.0,used,MLA352001,ARS
MLA1446646313,Firetv Stick Lite,100000.0,new,MLA352001,ARS
MLA1447463009,Amazon Lite Fire Tv Stick De Voz 2.ª  Negro Con 1gb De M Ram,55000.0,used,MLA352001,ARS
MLA1933961680,Amazon Fire Tv Stick 4k 2023 Wifi 6 2gb De Ram Con Alexa,80000.0,used,MLA352001,ARS
